iller,year,otomobil,minibus,otobus,kamyonet,kamyon,bölge
Adana,2014, 266 880, 9 572, 4 752, 85 915, 18 896,Akdeniz Bölgesi
Adıyaman,2014, 40 132, 4 309,360, 11 871, 3 326,Güneydoğu Anadolu Bölgesi
Afyonkarahisar,2014, 72 453, 4 297, 1 621, 26 261, 8 666,Ege Bölgesi
Ağrı,2014, 9 898, 2 568,305, 7 219, 2 336,Doğu Anadolu Bölgesi
Amasya,2014, 46 318, 2 813,664, 13 412, 3 130,Karadeniz Bölgesi
Ankara,2014,1 147 113, 22 861, 16 702, 228 846, 69 821,İç Anadolu Bölgesi
Antalya,2014, 393 766, 12 415, 10 067, 147 799, 20 511,Akdeniz Bölgesi
Artvin,2014, 12 164, 2 028,271, 10 686, 3 043,Karadeniz Bölgesi
Aydın,2014, 145 131, 9 219, 2 858, 52 476, 7 681,Ege Bölgesi
Balıkesir,2014, 165 028, 5 278, 3 774, 54 645, 11 026,Marmara Bölgesi
Bilecik,2014, 25 558,898,815, 9 377, 2 939,Marmara Bölgesi
Bingöl,2014, 5 932, 1 148,232, 4 048,987,Doğu Anadolu Bölgesi
Bitlis,2014, 7 223, 1 391,136, 5 322, 1 743,Doğu Anadolu Bölgesi
Bolu,2014, 45 338, 1 360, 1 040, 13 377, 5 374,Karadeniz Bölgesi
Burdur,2014, 46 382, 1 160,853, 12 128, 5 331,Akdeniz Bölgesi
Bursa,2014, 364 903, 11 212, 9 238, 134 143, 24 335,Marmara Bölgesi
Çanakkale,2014, 69 423, 2 125, 1 892, 25 609, 5 037,Marmara Bölgesi
Çankırı,2014, 18 148,732,434, 6 314, 1 718,İç Anadolu Bölgesi
Çorum,2014, 69 493, 2 663, 1 130, 17 639, 5 223,Karadeniz Bölgesi
Denizli,2014, 155 758, 6 518, 3 748, 50 084, 10 497,Ege Bölgesi
Diyarbakır,2014, 50 018, 6 347, 1 258, 22 271, 7 032,Güneydoğu Anadolu Bölgesi
Edirne,2014, 54 637, 1 650, 1 830, 17 095, 3 999,Marmara Bölgesi
Elazığ,2014, 54 277, 3 543,678, 19 300, 4 549,Doğu Anadolu Bölgesi
Erzincan,2014, 22 804, 1 615,453, 8 581, 1 693,Doğu Anadolu Bölgesi
Erzurum,2014, 50 799, 3 063,940, 22 972, 5 578,Doğu Anadolu Bölgesi
Eskişehir,2014, 133 485, 3 235, 2 576, 36 510, 9 564,İç Anadolu Bölgesi
Gaziantep,2014, 184 988, 11 919, 3 999, 69 469, 17 219,Güneydoğu Anadolu Bölgesi
Giresun,2014, 32 328, 7 225,366, 21 696, 3 999,Karadeniz Bölgesi
Gümüşhane,2014, 7 973, 1 139,185, 4 375, 1 320,Karadeniz Bölgesi
Hakkari,2014, 2 093, 1 280,67, 2 895, 1 610,Doğu Anadolu Bölgesi
Hatay,2014, 164 237, 11 433, 3 233, 51 571, 18 777,Akdeniz Bölgesi
Isparta,2014, 66 823, 2 175, 1 361, 20 016, 4 282,Akdeniz Bölgesi
Mersin,2014, 212 044, 7 188, 5 325, 84 095, 29 063,Akdeniz Bölgesi
İstanbul,2014,2 274 368, 73 482, 46 203, 593 533, 127 395,Marmara Bölgesi
İzmir,2014, 612 020, 13 602, 15 301, 190 684, 36 538,Ege Bölgesi
Kars,2014, 10 433, 1 696,371, 6 703, 1 846,Doğu Anadolu Bölgesi
Kastamonu,2014, 52 566, 2 736, 1 083, 13 619, 4 899,Karadeniz Bölgesi
Kayseri,2014, 192 254, 5 558, 4 118, 50 863, 15 524,İç Anadolu Bölgesi
Kırklareli,2014, 46 749, 1 557, 1 544, 13 634, 3 781,Marmara Bölgesi
Kırşehir,2014, 31 914, 1 140,558, 6 623, 1 990,İç Anadolu Bölgesi
Kocaeli,2014, 177 844, 7 259, 7 155, 60 501, 20 647,Marmara Bölgesi
Konya,2014, 289 030, 9 614, 5 344, 94 410, 32 770,İç Anadolu Bölgesi
Kütahya,2014, 90 352, 3 806, 1 897, 22 334, 6 726,Ege Bölgesi
Malatya,2014, 69 677, 4 216, 1 363, 26 289, 4 559,Doğu Anadolu Bölgesi
Manisa,2014, 177 038, 6 588, 6 350, 57 213, 13 924,Ege Bölgesi
K.Maraş,2014, 100 982, 6 906, 1 742, 31 188, 6 665,Akdeniz Bölgesi
Mardin,2014, 20 713, 3 908,470, 16 570, 11 432,Güneydoğu Anadolu Bölgesi
Muğla,2014, 164 132, 10 275, 3 205, 57 336, 8 219,Ege Bölgesi
Muş,2014, 8 033, 1 331,206, 6 435, 1 768,Doğu Anadolu Bölgesi
Nevşehir,2014, 41 674, 3 100,762, 14 895, 5 892,İç Anadolu Bölgesi
Niğde,2014, 34 749, 1 671,931, 13 482, 5 346,İç Anadolu Bölgesi
Ordu,2014, 56 815, 10 456,647, 28 024, 5 201,Karadeniz Bölgesi
Rize,2014, 26 063, 3 287,654, 25 047, 5 131,Karadeniz Bölgesi
Sakarya,2014, 112 505, 4 816, 3 252, 36 828, 9 757,Marmara Bölgesi
Samsun,2014, 129 896, 12 257, 1 387, 53 233, 9 026,Karadeniz Bölgesi
Siirt,2014, 6 360, 1 508,119, 4 913, 1 097,Güneydoğu Anadolu Bölgesi
Sinop,2014, 26 395, 2 005,313, 7 331, 1 861,Karadeniz Bölgesi
Sivas,2014, 67 164, 3 339, 1 177, 20 034, 5 431,İç Anadolu Bölgesi
Tekirdağ,2014, 110 697, 4 637, 4 563, 35 579, 8 692,Marmara Bölgesi
Tokat,2014, 63 136, 3 905, 1 316, 20 664, 4 181,Karadeniz Bölgesi
Trabzon,2014, 76 131, 8 174, 1 884, 44 880, 10 547,Karadeniz Bölgesi
Tunceli,2014, 2 670,653,85, 1 567,418,Doğu Anadolu Bölgesi
Ş.Urfa,2014, 90 019, 7 969, 1 271, 26 906, 15 067,Güneydoğu Anadolu Bölgesi
Uşak,2014, 54 188, 2 030, 1 376, 14 990, 3 630,Ege Bölgesi
Van,2014, 26 514, 7 574,535, 22 234, 7 055,Doğu Anadolu Bölgesi
Yozgat,2014, 42 283, 2 632,592, 9 979, 4 709,İç Anadolu Bölgesi
Zonguldak,2014, 78 677, 4 484, 1 977, 22 682, 5 843,Karadeniz Bölgesi
Aksaray,2014, 49 145, 1 293, 1 268, 12 837, 5 466,İç Anadolu Bölgesi
Bayburt,2014, 5 017,544,114, 2 100,554,Karadeniz Bölgesi
Karaman,2014, 30 425, 1 657,580, 9 154, 2 308,İç Anadolu Bölgesi
Kırıkkale,2014, 37 734, 1 622,653, 6 841, 2 297,İç Anadolu Bölgesi
Batman,2014, 14 068, 2 527,252, 10 543, 2 868,Güneydoğu Anadolu Bölgesi
Şırnak,2014, 3 556, 1 542,122, 6 082, 13 867,Doğu Anadolu Bölgesi
Bartın,2014, 24 071, 1 489,629, 6 423, 1 402,Karadeniz Bölgesi
Ardahan,2014, 3 140,786,43, 2 229,457,Doğu Anadolu Bölgesi
Iğdır,2014, 5 989, 1 226,372, 4 883, 3 641,Doğu Anadolu Bölgesi
Yalova,2014, 26 750, 1 604, 1 036, 10 269, 1 786,Marmara Bölgesi
Karabük,2014, 35 241, 1 806,551, 7 964, 2 939,Karadeniz Bölgesi
Kilis,2014, 8 966,934,158, 2 779,869,Güneydoğu Anadolu Bölgesi
Osmaniye,2014, 62 217, 3 596,853, 17 474, 3 198,Akdeniz Bölgesi
Düzce,2014, 44 008, 2 088, 1 655, 13 681, 4 204,Karadeniz Bölgesi
Adana,2015, 280 153, 9 807, 4 809, 89 013, 19 466,Akdeniz Bölgesi
Adıyaman,2015, 41 803, 4 368,372, 12 512, 3 432,Güneydoğu Anadolu Bölgesi
Afyonkarahisar,2015, 75 526, 4 374, 1 687, 27 746, 8 967,Ege Bölgesi
Ağrı,2015, 10 141, 2 565,340, 7 431, 2 301,Doğu Anadolu Bölgesi
Amasya,2015, 48 410, 2 826,679, 14 047, 3 227,Karadeniz Bölgesi
Ankara,2015,1 199 519, 23 018, 17 193, 240 462, 71 896,İç Anadolu Bölgesi
Antalya,2015, 415 093, 13 008, 10 309, 156 033, 21 361,Akdeniz Bölgesi
Artvin,2015, 12 722, 2 045,340, 11 162, 3 159,Karadeniz Bölgesi
Aydın,2015, 152 251, 9 488, 2 989, 55 502, 7 930,Ege Bölgesi
Balıkesir,2015, 172 467, 5 550, 3 900, 57 369, 11 401,Marmara Bölgesi
Bilecik,2015, 27 008,923,819, 9 850, 2 991,Marmara Bölgesi
Bingöl,2015, 6 265, 1 175,232, 4 289, 1 018,Doğu Anadolu Bölgesi
Bitlis,2015, 7 386, 1 420,133, 5 578, 1 786,Doğu Anadolu Bölgesi
Bolu,2015, 47 615, 1 382, 1 018, 14 039, 5 523,Karadeniz Bölgesi
Burdur,2015, 48 315, 1 180,873, 12 888, 5 515,Akdeniz Bölgesi
Bursa,2015, 387 527, 11 981, 9 111, 139 762, 25 335,Marmara Bölgesi
Çanakkale,2015, 73 686, 2 180, 1 922, 27 000, 5 242,Marmara Bölgesi
Çankırı,2015, 19 009,751,474, 6 803, 1 801,İç Anadolu Bölgesi
Çorum,2015, 72 239, 2 647, 1 150, 18 458, 5 317,Karadeniz Bölgesi
Denizli,2015, 163 553, 6 575, 3 830, 52 308, 10 919,Ege Bölgesi
Diyarbakır,2015, 51 175, 6 291, 1 329, 22 635, 7 227,Güneydoğu Anadolu Bölgesi
Edirne,2015, 57 467, 1 717, 1 846, 17 944, 4 134,Marmara Bölgesi
Elazığ,2015, 57 165, 3 609,680, 20 261, 4 721,Doğu Anadolu Bölgesi
Erzincan,2015, 23 710, 1 604,435, 9 097, 1 742,Doğu Anadolu Bölgesi
Erzurum,2015, 52 313, 3 074,986, 23 810, 5 694,Doğu Anadolu Bölgesi
Eskişehir,2015, 139 865, 3 345, 2 627, 38 228, 9 862,İç Anadolu Bölgesi
Gaziantep,2015, 194 080, 12 010, 4 058, 72 634, 17 683,Güneydoğu Anadolu Bölgesi
Giresun,2015, 34 100, 7 249,364, 23 032, 4 193,Karadeniz Bölgesi
Gümüşhane,2015, 8 495, 1 125,186, 4 658, 1 349,Karadeniz Bölgesi
Hakkari,2015, 2 084, 1 338,72, 2 785, 1 540,Doğu Anadolu Bölgesi
Hatay,2015, 172 549, 11 542, 3 318, 53 706, 19 486,Akdeniz Bölgesi
Isparta,2015, 69 520, 2 227, 1 402, 21 103, 4 344,Akdeniz Bölgesi
Mersin,2015, 223 949, 7 421, 5 507, 87 855, 30 312,Akdeniz Bölgesi
İstanbul,2015,2 414 465, 78 840, 46 230, 606 227, 131 214,Marmara Bölgesi
İzmir,2015, 638 899, 13 817, 15 470, 197 606, 37 823,Ege Bölgesi
Kars,2015, 10 776, 1 718,367, 7 053, 1 881,Doğu Anadolu Bölgesi
Kastamonu,2015, 54 740, 2 736, 1 068, 14 315, 5 015,Karadeniz Bölgesi
Kayseri,2015, 199 857, 5 780, 4 373, 53 150, 15 903,İç Anadolu Bölgesi
Kırklareli,2015, 49 674, 1 651, 1 522, 14 295, 3 901,Marmara Bölgesi
Kırşehir,2015, 33 379, 1 145,569, 7 029, 2 145,İç Anadolu Bölgesi
Kocaeli,2015, 188 294, 7 606, 7 150, 63 085, 21 575,Marmara Bölgesi
Konya,2015, 301 953, 9 925, 5 453, 100 167, 33 745,İç Anadolu Bölgesi
Kütahya,2015, 94 163, 3 865, 1 915, 23 303, 6 862,Ege Bölgesi
Malatya,2015, 73 353, 4 264, 1 414, 27 571, 4 691,Doğu Anadolu Bölgesi
Manisa,2015, 185 164, 6 798, 6 638, 59 718, 14 409,Ege Bölgesi
K.Maraş,2015, 106 117, 7 008, 1 801, 33 133, 6 869,Akdeniz Bölgesi
Mardin,2015, 21 768, 4 001,482, 17 516, 11 382,Güneydoğu Anadolu Bölgesi
Muğla,2015, 172 665, 10 588, 3 405, 59 992, 8 502,Ege Bölgesi
Muş,2015, 8 455, 1 361,201, 6 960, 1 786,Doğu Anadolu Bölgesi
Nevşehir,2015, 43 686, 3 159,771, 15 820, 6 124,İç Anadolu Bölgesi
Niğde,2015, 36 955, 1 726,946, 14 328, 5 518,İç Anadolu Bölgesi
Ordu,2015, 59 445, 10 552,694, 29 423, 5 308,Karadeniz Bölgesi
Rize,2015, 27 477, 3 277,703, 26 466, 5 363,Karadeniz Bölgesi
Sakarya,2015, 119 747, 5 147, 3 408, 39 033, 10 186,Marmara Bölgesi
Samsun,2015, 136 524, 12 470, 1 406, 55 790, 9 188,Karadeniz Bölgesi
Siirt,2015, 6 615, 1 545,119, 5 120, 1 129,Güneydoğu Anadolu Bölgesi
Sinop,2015, 27 391, 1 995,307, 7 679, 1 909,Karadeniz Bölgesi
Sivas,2015, 70 519, 3 353, 1 185, 21 327, 5 655,İç Anadolu Bölgesi
Tekirdağ,2015, 117 519, 4 898, 4 712, 37 410, 9 430,Marmara Bölgesi
Tokat,2015, 66 046, 4 016, 1 274, 21 635, 4 266,Karadeniz Bölgesi
Trabzon,2015, 81 414, 8 508, 1 904, 47 028, 10 870,Karadeniz Bölgesi
Tunceli,2015, 2 881,671,96, 1 646,436,Doğu Anadolu Bölgesi
Ş.Urfa,2015, 91 717, 8 265, 1 292, 28 109, 15 185,Güneydoğu Anadolu Bölgesi
Uşak,2015, 56 824, 2 048, 1 443, 15 671, 3 806,Ege Bölgesi
Van,2015, 27 121, 7 592,599, 22 679, 6 896,Doğu Anadolu Bölgesi
Yozgat,2015, 43 816, 2 631,590, 10 497, 4 825,İç Anadolu Bölgesi
Zonguldak,2015, 81 910, 4 449, 1 974, 23 457, 6 001,Karadeniz Bölgesi
Aksaray,2015, 51 894, 1 322, 1 399, 13 713, 5 675,İç Anadolu Bölgesi
Bayburt,2015, 5 311,552,116, 2 215,575,Karadeniz Bölgesi
Karaman,2015, 31 549, 1 714,594, 9 620, 2 349,İç Anadolu Bölgesi
Kırıkkale,2015, 38 962, 1 587,660, 7 234, 2 431,İç Anadolu Bölgesi
Batman,2015, 14 330, 2 573,254, 11 023, 2 862,Güneydoğu Anadolu Bölgesi
Şırnak,2015, 3 814, 1 683,149, 6 408, 14 170,Doğu Anadolu Bölgesi
Bartın,2015, 24 994, 1 479,628, 6 649, 1 454,Karadeniz Bölgesi
Ardahan,2015, 3 290,794,43, 2 375,472,Doğu Anadolu Bölgesi
Iğdır,2015, 6 135, 1 254,357, 5 085, 3 605,Doğu Anadolu Bölgesi
Yalova,2015, 28 880, 1 685, 1 061, 10 894, 1 863,Marmara Bölgesi
Karabük,2015, 36 615, 1 776,595, 8 320, 2 983,Karadeniz Bölgesi
Kilis,2015, 9 243,925,163, 2 982,910,Güneydoğu Anadolu Bölgesi
Osmaniye,2015, 65 231, 3 632,894, 18 470, 3 303,Akdeniz Bölgesi
Düzce,2015, 46 520, 2 191, 1 645, 14 469, 4 686,Karadeniz Bölgesi
Adana,2016, 303 841, 10 247, 4 889, 94 462, 20 092,Akdeniz Bölgesi
Adıyaman,2016, 44 277, 4 601,375, 13 578, 3 403,Güneydoğu Anadolu Bölgesi
Afyonkarahisar,2016, 81 997, 4 597, 1 734, 30 657, 9 353,Ege Bölgesi
Ağrı,2016, 10 147, 2 565,343, 7 595, 2 219,Doğu Anadolu Bölgesi
Amasya,2016, 53 441, 2 942,722, 15 377, 3 384,Karadeniz Bölgesi
Ankara,2016,1 297 145, 23 869, 17 573, 261 898, 75 439,İç Anadolu Bölgesi
Antalya,2016, 448 577, 13 129, 10 283, 168 615, 22 496,Akdeniz Bölgesi
Artvin,2016, 14 353, 2 129,392, 12 208, 3 270,Karadeniz Bölgesi
Aydın,2016, 167 159, 10 034, 3 104, 61 163, 8 505,Ege Bölgesi
Balıkesir,2016, 189 518, 5 970, 3 909, 62 166, 11 922,Marmara Bölgesi
Bilecik,2016, 30 413,971,832, 10 767, 3 101,Marmara Bölgesi
Bingöl,2016, 6 777, 1 288,237, 4 561, 1 027,Doğu Anadolu Bölgesi
Bitlis,2016, 7 534, 1 508,150, 5 913, 1 784,Doğu Anadolu Bölgesi
Bolu,2016, 52 575, 1 496, 1 057, 15 326, 5 825,Karadeniz Bölgesi
Burdur,2016, 52 241, 1 260,892, 14 324, 5 688,Akdeniz Bölgesi
Bursa,2016, 436 504, 13 351, 8 937, 151 536, 27 131,Marmara Bölgesi
Çanakkale,2016, 83 120, 2 379, 1 987, 29 910, 5 598,Marmara Bölgesi
Çankırı,2016, 21 002,736,493, 7 599, 1 871,İç Anadolu Bölgesi
Çorum,2016, 77 426, 2 658, 1 202, 20 108, 5 597,Karadeniz Bölgesi
Denizli,2016, 178 594, 6 776, 4 017, 56 940, 11 681,Ege Bölgesi
Diyarbakır,2016, 50 184, 6 088, 1 386, 22 528, 6 987,Güneydoğu Anadolu Bölgesi
Edirne,2016, 63 725, 1 784, 1 927, 19 482, 4 303,Marmara Bölgesi
Elazığ,2016, 62 731, 3 835,698, 22 121, 4 949,Doğu Anadolu Bölgesi
Erzincan,2016, 25 724, 1 617,471, 10 112, 1 815,Doğu Anadolu Bölgesi
Erzurum,2016, 55 141, 3 020, 1 137, 25 266, 5 808,Doğu Anadolu Bölgesi
Eskişehir,2016, 153 086, 3 492, 2 672, 41 377, 10 161,İç Anadolu Bölgesi
Gaziantep,2016, 209 292, 12 234, 4 165, 78 928, 17 938,Güneydoğu Anadolu Bölgesi
Giresun,2016, 38 342, 7 585,382, 25 660, 4 504,Karadeniz Bölgesi
Gümüşhane,2016, 9 653, 1 124,209, 5 249, 1 392,Karadeniz Bölgesi
Hakkari,2016, 1 985, 1 422,68, 2 613, 1 476,Doğu Anadolu Bölgesi
Hatay,2016, 189 332, 12 071, 3 681, 58 377, 20 124,Akdeniz Bölgesi
Isparta,2016, 75 537, 2 376, 1 474, 23 018, 4 493,Akdeniz Bölgesi
Mersin,2016, 247 101, 8 064, 5 543, 95 569, 31 258,Akdeniz Bölgesi
İstanbul,2016,2 644 411, 85 979, 45 208, 632 869, 133 654,Marmara Bölgesi
İzmir,2016, 694 464, 14 615, 15 954, 211 025, 39 615,Ege Bölgesi
Kars,2016, 11 473, 1 792,376, 7 641, 1 933,Doğu Anadolu Bölgesi
Kastamonu,2016, 59 290, 2 789, 1 120, 15 963, 5 228,Karadeniz Bölgesi
Kayseri,2016, 215 843, 6 070, 4 618, 57 666, 16 400,İç Anadolu Bölgesi
Kırklareli,2016, 55 812, 1 858, 1 503, 15 542, 4 108,Marmara Bölgesi
Kırşehir,2016, 36 185, 1 149,598, 7 759, 2 266,İç Anadolu Bölgesi
Kocaeli,2016, 209 070, 8 095, 7 295, 68 409, 22 520,Marmara Bölgesi
Konya,2016, 329 142, 10 510, 5 815, 110 326, 35 251,İç Anadolu Bölgesi
Kütahya,2016, 101 266, 3 934, 2 016, 25 197, 7 042,Ege Bölgesi
Malatya,2016, 81 363, 4 596, 1 525, 30 286, 4 898,Doğu Anadolu Bölgesi
Manisa,2016, 201 527, 7 137, 7 188, 64 577, 15 176,Ege Bölgesi
K.Maraş,2016, 115 991, 7 016, 2 130, 37 118, 7 216,Akdeniz Bölgesi
Mardin,2016, 22 032, 4 238,477, 18 299, 10 919,Güneydoğu Anadolu Bölgesi
Muğla,2016, 188 879, 10 585, 3 905, 64 969, 8 982,Ege Bölgesi
Muş,2016, 8 919, 1 549,191, 7 529, 1 759,Doğu Anadolu Bölgesi
Nevşehir,2016, 47 802, 3 187,785, 17 319, 6 516,İç Anadolu Bölgesi
Niğde,2016, 41 503, 1 806,941, 15 965, 5 741,İç Anadolu Bölgesi
Ordu,2016, 65 553, 10 951,713, 32 150, 5 582,Karadeniz Bölgesi
Rize,2016, 30 615, 3 417,718, 29 229, 5 626,Karadeniz Bölgesi
Sakarya,2016, 133 934, 5 677, 3 794, 43 359, 10 597,Marmara Bölgesi
Samsun,2016, 151 282, 12 925, 1 480, 61 064, 9 683,Karadeniz Bölgesi
Siirt,2016, 6 863, 1 711,116, 5 332, 1 097,Güneydoğu Anadolu Bölgesi
Sinop,2016, 29 779, 2 057,326, 8 331, 1 992,Karadeniz Bölgesi
Sivas,2016, 77 168, 3 382, 1 185, 23 695, 5 953,İç Anadolu Bölgesi
Tekirdağ,2016, 131 879, 5 321, 5 047, 41 158, 10 132,Marmara Bölgesi
Tokat,2016, 72 615, 4 186, 1 321, 23 700, 4 457,Karadeniz Bölgesi
Trabzon,2016, 92 085, 9 311, 1 878, 51 485, 11 365,Karadeniz Bölgesi
Tunceli,2016, 3 074,644,104, 1 675,427,Doğu Anadolu Bölgesi
Ş.Urfa,2016, 93 947, 8 929, 1 346, 30 240, 14 950,Güneydoğu Anadolu Bölgesi
Uşak,2016, 61 950, 2 124, 1 537, 17 046, 3 952,Ege Bölgesi
Van,2016, 27 336, 7 718,616, 23 298, 6 643,Doğu Anadolu Bölgesi
Yozgat,2016, 47 102, 2 680,588, 11 651, 5 129,İç Anadolu Bölgesi
Zonguldak,2016, 88 663, 4 501, 1 994, 25 021, 6 211,Karadeniz Bölgesi
Aksaray,2016, 57 878, 1 368, 1 469, 15 527, 6 082,İç Anadolu Bölgesi
Bayburt,2016, 5 949,562,122, 2 521,645,Karadeniz Bölgesi
Karaman,2016, 33 859, 1 827,639, 10 674, 2 445,İç Anadolu Bölgesi
Kırıkkale,2016, 41 795, 1 627,676, 7 880, 2 591,İç Anadolu Bölgesi
Batman,2016, 14 341, 2 747,262, 11 361, 2 709,Güneydoğu Anadolu Bölgesi
Şırnak,2016, 3 669, 1 656,151, 6 208, 13 351,Doğu Anadolu Bölgesi
Bartın,2016, 27 067, 1 540,615, 7 189, 1 578,Karadeniz Bölgesi
Ardahan,2016, 3 663,812,49, 2 698,465,Doğu Anadolu Bölgesi
Iğdır,2016, 6 377, 1 315,347, 5 320, 3 589,Doğu Anadolu Bölgesi
Yalova,2016, 33 007, 1 848, 1 076, 12 310, 1 995,Marmara Bölgesi
Karabük,2016, 39 853, 1 782,630, 9 110, 3 088,Karadeniz Bölgesi
Kilis,2016, 9 934,951,156, 3 361,999,Güneydoğu Anadolu Bölgesi
Osmaniye,2016, 71 440, 3 712, 1 002, 20 513, 3 420,Akdeniz Bölgesi
Düzce,2016, 51 875, 2 529, 1 818, 15 915, 4 763,Karadeniz Bölgesi
Adana,2017, 321 865, 10 626, 4 879, 98 671, 20 055,Akdeniz Bölgesi
Adıyaman,2017, 46 735, 4 708,397, 14 789, 3 415,Güneydoğu Anadolu Bölgesi
Afyonkarahisar,2017, 86 925, 4 817, 1 758, 32 919, 9 647,Ege Bölgesi
Ağrı,2017, 10 183, 2 606,329, 7 677, 2 235,Doğu Anadolu Bölgesi
Amasya,2017, 56 742, 2 983,737, 16 413, 3 480,Karadeniz Bölgesi
Ankara,2017,1 376 928, 24 517, 17 878, 282 287, 78 373,İç Anadolu Bölgesi
Antalya,2017, 477 336, 13 751, 10 623, 177 027, 23 111,Akdeniz Bölgesi
Artvin,2017, 15 473, 2 208,374, 13 103, 3 344,Karadeniz Bölgesi
Aydın,2017, 177 720, 10 282, 3 070, 65 513, 8 809,Ege Bölgesi
Balıkesir,2017, 202 033, 6 205, 3 814, 66 052, 12 185,Marmara Bölgesi
Bilecik,2017, 32 763, 1 071,865, 11 451, 3 145,Marmara Bölgesi
Bingöl,2017, 7 320, 1 365,227, 4 835, 1 139,Doğu Anadolu Bölgesi
Bitlis,2017, 7 744, 1 584,155, 6 214, 1 811,Doğu Anadolu Bölgesi
Bolu,2017, 55 639, 1 557, 1 050, 16 215, 5 925,Karadeniz Bölgesi
Burdur,2017, 54 717, 1 309,920, 15 169, 5 735,Akdeniz Bölgesi
Bursa,2017, 473 250, 14 173, 8 734, 161 616, 27 976,Marmara Bölgesi
Çanakkale,2017, 89 499, 2 524, 1 939, 31 936, 5 866,Marmara Bölgesi
Çankırı,2017, 22 016,744,522, 8 076, 1 904,İç Anadolu Bölgesi
Çorum,2017, 81 228, 2 705, 1 168, 21 441, 5 720,Karadeniz Bölgesi
Denizli,2017, 190 469, 6 928, 4 042, 60 931, 12 113,Ege Bölgesi
Diyarbakır,2017, 51 186, 6 123, 1 383, 23 162, 6 942,Güneydoğu Anadolu Bölgesi
Edirne,2017, 67 737, 1 878, 1 917, 20 785, 4 397,Marmara Bölgesi
Elazığ,2017, 67 192, 4 022,722, 23 550, 5 218,Doğu Anadolu Bölgesi
Erzincan,2017, 27 155, 1 646,497, 10 875, 1 907,Doğu Anadolu Bölgesi
Erzurum,2017, 57 713, 3 007, 1 171, 26 415, 5 838,Doğu Anadolu Bölgesi
Eskişehir,2017, 162 666, 3 617, 2 794, 43 889, 10 402,İç Anadolu Bölgesi
Gaziantep,2017, 221 351, 12 546, 4 274, 84 177, 18 100,Güneydoğu Anadolu Bölgesi
Giresun,2017, 41 056, 7 844,378, 27 547, 4 648,Karadeniz Bölgesi
Gümüşhane,2017, 10 326, 1 119,214, 5 719, 1 464,Karadeniz Bölgesi
Hakkari,2017, 2 104, 1 516,67, 2 580, 1 485,Doğu Anadolu Bölgesi
Hatay,2017, 202 818, 12 350, 3 793, 61 774, 20 103,Akdeniz Bölgesi
Isparta,2017, 79 589, 2 472, 1 485, 24 338, 4 584,Akdeniz Bölgesi
Mersin,2017, 264 937, 8 518, 5 566, 101 382, 31 475,Akdeniz Bölgesi
İstanbul,2017,2 813 027, 90 121, 44 351, 657 572, 134 318,Marmara Bölgesi
İzmir,2017, 739 809, 15 153, 16 016, 223 571, 40 996,Ege Bölgesi
Kars,2017, 11 963, 1 834,400, 8 005, 1 948,Doğu Anadolu Bölgesi
Kastamonu,2017, 62 440, 2 850, 1 151, 17 154, 5 370,Karadeniz Bölgesi
Kayseri,2017, 228 920, 6 214, 4 822, 61 477, 16 518,İç Anadolu Bölgesi
Kırklareli,2017, 59 561, 1 959, 1 516, 16 393, 4 268,Marmara Bölgesi
Kırşehir,2017, 38 108, 1 178,594, 8 337, 2 332,İç Anadolu Bölgesi
Kocaeli,2017, 223 723, 8 308, 7 239, 72 849, 22 845,Marmara Bölgesi
Konya,2017, 346 270, 10 853, 5 927, 117 332, 35 946,İç Anadolu Bölgesi
Kütahya,2017, 105 971, 3 977, 2 011, 26 491, 7 164,Ege Bölgesi
Malatya,2017, 87 776, 4 628, 1 688, 32 398, 5 058,Doğu Anadolu Bölgesi
Manisa,2017, 213 186, 7 115, 7 349, 68 586, 15 622,Ege Bölgesi
K.Maraş,2017, 124 832, 7 199, 2 099, 40 227, 7 441,Akdeniz Bölgesi
Mardin,2017, 22 992, 4 412,497, 19 063, 10 500,Güneydoğu Anadolu Bölgesi
Muğla,2017, 200 676, 10 066, 4 336, 69 218, 9 236,Ege Bölgesi
Muş,2017, 9 107, 1 592,190, 7 808, 1 810,Doğu Anadolu Bölgesi
Nevşehir,2017, 50 568, 3 204,784, 18 335, 6 552,İç Anadolu Bölgesi
Niğde,2017, 44 601, 1 912,949, 17 032, 5 787,İç Anadolu Bölgesi
Ordu,2017, 70 202, 11 062,793, 34 244, 5 809,Karadeniz Bölgesi
Rize,2017, 32 783, 3 478,690, 30 891, 5 739,Karadeniz Bölgesi
Sakarya,2017, 144 049, 5 752, 3 725, 46 448, 10 836,Marmara Bölgesi
Samsun,2017, 163 273, 13 363, 1 552, 64 989, 10 041,Karadeniz Bölgesi
Siirt,2017, 7 156, 1 733,127, 5 510, 1 094,Güneydoğu Anadolu Bölgesi
Sinop,2017, 31 088, 2 050,342, 8 754, 2 033,Karadeniz Bölgesi
Sivas,2017, 81 895, 3 403, 1 218, 25 274, 6 123,İç Anadolu Bölgesi
Tekirdağ,2017, 140 986, 5 302, 5 298, 43 839, 10 402,Marmara Bölgesi
Tokat,2017, 77 527, 4 308, 1 334, 25 099, 4 600,Karadeniz Bölgesi
Trabzon,2017, 100 479, 9 804, 1 830, 54 775, 11 580,Karadeniz Bölgesi
Tunceli,2017, 3 293,671,92, 1 791,448,Doğu Anadolu Bölgesi
Ş.Urfa,2017, 95 819, 9 544, 1 404, 31 259, 14 663,Güneydoğu Anadolu Bölgesi
Uşak,2017, 65 804, 2 242, 1 530, 18 314, 4 049,Ege Bölgesi
Van,2017, 27 942, 7 733,637, 23 858, 6 480,Doğu Anadolu Bölgesi
Yozgat,2017, 49 003, 2 670,590, 12 421, 5 252,İç Anadolu Bölgesi
Zonguldak,2017, 93 843, 4 547, 1 985, 26 112, 6 276,Karadeniz Bölgesi
Aksaray,2017, 61 850, 1 400, 1 477, 16 650, 6 260,İç Anadolu Bölgesi
Bayburt,2017, 6 412,586,112, 2 741,664,Karadeniz Bölgesi
Karaman,2017, 35 809, 1 880,663, 11 549, 2 526,İç Anadolu Bölgesi
Kırıkkale,2017, 43 121, 1 666,687, 8 426, 2 607,İç Anadolu Bölgesi
Batman,2017, 14 961, 2 822,298, 11 796, 2 728,Güneydoğu Anadolu Bölgesi
Şırnak,2017, 4 085, 1 732,210, 6 402, 12 406,Doğu Anadolu Bölgesi
Bartın,2017, 28 571, 1 544,611, 7 569, 1 590,Karadeniz Bölgesi
Ardahan,2017, 3 914,828,49, 2 853,487,Doğu Anadolu Bölgesi
Iğdır,2017, 6 500, 1 372,329, 5 494, 3 360,Doğu Anadolu Bölgesi
Yalova,2017, 35 344, 1 993, 1 061, 13 047, 2 086,Marmara Bölgesi
Karabük,2017, 41 755, 1 778,638, 9 609, 3 051,Karadeniz Bölgesi
Kilis,2017, 10 702,992,161, 3 691, 1 038,Güneydoğu Anadolu Bölgesi
Osmaniye,2017, 76 330, 3 835, 1 053, 22 014, 3 579,Akdeniz Bölgesi
Düzce,2017, 55 537, 2 632, 1 728, 16 830, 4 649,Karadeniz Bölgesi
Adana,2018, 329 837, 11 108, 4 778, 100 552, 19 890,Akdeniz Bölgesi
Adıyaman,2018, 48 562, 4 672,388, 15 407, 3 459,Güneydoğu Anadolu Bölgesi
Afyonkarahisar,2018, 88 343, 4 853, 1 686, 34 515, 9 649,Ege Bölgesi
Ağrı,2018, 9 746, 2 473,340, 7 488, 2 154,Doğu Anadolu Bölgesi
Amasya,2018, 58 203, 3 030,726, 17 002, 3 514,Karadeniz Bölgesi
Ankara,2018,1 441 804, 25 229, 17 837, 296 541, 80 551,İç Anadolu Bölgesi
Antalya,2018, 499 021, 14 651, 10 845, 182 920, 23 408,Akdeniz Bölgesi
Artvin,2018, 15 801, 2 210,320, 13 428, 3 380,Karadeniz Bölgesi
Aydın,2018, 181 368, 10 422, 3 033, 68 422, 8 928,Ege Bölgesi
Balıkesir,2018, 207 639, 6 334, 3 599, 68 145, 12 379,Marmara Bölgesi
Bilecik,2018, 33 418, 1 043,847, 11 690, 3 166,Marmara Bölgesi
Bingöl,2018, 7 609, 1 333,242, 4 822, 1 150,Doğu Anadolu Bölgesi
Bitlis,2018, 7 873, 1 581,159, 6 208, 1 780,Doğu Anadolu Bölgesi
Bolu,2018, 56 243, 1 545, 1 002, 16 521, 5 984,Karadeniz Bölgesi
Burdur,2018, 54 783, 1 355,904, 15 631, 5 755,Akdeniz Bölgesi
Bursa,2018, 496 501, 14 735, 8 482, 167 849, 28 229,Marmara Bölgesi
Çanakkale,2018, 91 763, 2 603, 1 911, 33 220, 5 952,Marmara Bölgesi
Çankırı,2018, 21 964,745,509, 8 250, 1 909,İç Anadolu Bölgesi
Çorum,2018, 81 873, 2 732, 1 150, 22 131, 5 757,Karadeniz Bölgesi
Denizli,2018, 195 411, 7 042, 4 047, 63 617, 12 145,Ege Bölgesi
Diyarbakır,2018, 51 346, 6 018, 1 389, 23 067, 6 839,Güneydoğu Anadolu Bölgesi
Edirne,2018, 68 802, 1 892, 1 877, 21 456, 4 385,Marmara Bölgesi
Elazığ,2018, 70 389, 4 009,784, 24 737, 5 326,Doğu Anadolu Bölgesi
Erzincan,2018, 28 207, 1 650,484, 11 286, 1 944,Doğu Anadolu Bölgesi
Erzurum,2018, 59 019, 2 872, 1 170, 26 898, 5 842,Doğu Anadolu Bölgesi
Eskişehir,2018, 166 734, 3 720, 2 679, 45 356, 10 445,İç Anadolu Bölgesi
Gaziantep,2018, 229 394, 13 078, 4 263, 88 606, 18 551,Güneydoğu Anadolu Bölgesi
Giresun,2018, 41 850, 7 779,382, 28 560, 4 656,Karadeniz Bölgesi
Gümüşhane,2018, 10 559, 1 106,209, 5 932, 1 485,Karadeniz Bölgesi
Hakkari,2018, 2 156, 1 430,68, 2 443, 1 409,Doğu Anadolu Bölgesi
Hatay,2018, 209 805, 12 023, 3 861, 63 378, 20 184,Akdeniz Bölgesi
Isparta,2018, 81 373, 2 461, 1 487, 25 061, 4 584,Akdeniz Bölgesi
Mersin,2018, 274 194, 8 818, 5 492, 105 070, 31 925,Akdeniz Bölgesi
İstanbul,2018,2 887 581, 94 873, 42 614, 669 994, 136 083,Marmara Bölgesi
İzmir,2018, 765 657, 15 622, 15 700, 230 812, 41 655,Ege Bölgesi
Kars,2018, 11 958, 1 747,385, 8 009, 1 900,Doğu Anadolu Bölgesi
Kastamonu,2018, 62 828, 2 851, 1 131, 17 728, 5 329,Karadeniz Bölgesi
Kayseri,2018, 235 194, 6 302, 4 884, 63 737, 16 707,İç Anadolu Bölgesi
Kırklareli,2018, 60 395, 2 010, 1 507, 16 642, 4 272,Marmara Bölgesi
Kırşehir,2018, 38 563, 1 111,583, 8 633, 2 324,İç Anadolu Bölgesi
Kocaeli,2018, 232 254, 8 541, 7 112, 74 389, 23 105,Marmara Bölgesi
Konya,2018, 353 301, 11 075, 5 847, 122 068, 36 310,İç Anadolu Bölgesi
Kütahya,2018, 106 726, 3 967, 1 934, 27 165, 7 139,Ege Bölgesi
Malatya,2018, 92 046, 4 643, 1 685, 34 019, 5 200,Doğu Anadolu Bölgesi
Manisa,2018, 216 376, 7 240, 7 295, 70 952, 15 593,Ege Bölgesi
K.Maraş,2018, 130 570, 7 264, 2 071, 42 064, 7 555,Akdeniz Bölgesi
Mardin,2018, 23 261, 4 474,714, 19 191, 10 236,Güneydoğu Anadolu Bölgesi
Muğla,2018, 206 277, 9 832, 4 458, 71 972, 9 387,Ege Bölgesi
Muş,2018, 9 029, 1 562,191, 7 752, 1 790,Doğu Anadolu Bölgesi
Nevşehir,2018, 52 250, 3 364,787, 18 970, 6 802,İç Anadolu Bölgesi
Niğde,2018, 46 181, 1 969,927, 17 873, 5 755,İç Anadolu Bölgesi
Ordu,2018, 72 580, 10 931, 1 018, 35 387, 5 872,Karadeniz Bölgesi
Rize,2018, 33 888, 3 443,653, 32 321, 5 856,Karadeniz Bölgesi
Sakarya,2018, 146 793, 5 758, 3 553, 47 683, 10 870,Marmara Bölgesi
Samsun,2018, 170 450, 13 570, 1 530, 67 607, 10 141,Karadeniz Bölgesi
Siirt,2018, 7 091, 1 693,126, 5 471, 1 133,Güneydoğu Anadolu Bölgesi
Sinop,2018, 31 370, 2 028,335, 9 028, 2 062,Karadeniz Bölgesi
Sivas,2018, 83 447, 3 365, 1 370, 25 913, 6 176,İç Anadolu Bölgesi
Tekirdağ,2018, 143 370, 5 274, 5 280, 44 666, 10 557,Marmara Bölgesi
Tokat,2018, 80 200, 4 260, 1 287, 25 921, 4 580,Karadeniz Bölgesi
Trabzon,2018, 105 354, 10 000, 1 671, 57 216, 11 632,Karadeniz Bölgesi
Tunceli,2018, 3 447,655,89, 1 800,459,Doğu Anadolu Bölgesi
Ş.Urfa,2018, 95 552, 9 572, 1 441, 30 966, 14 436,Güneydoğu Anadolu Bölgesi
Uşak,2018, 67 176, 2 252, 1 515, 18 995, 4 108,Ege Bölgesi
Van,2018, 27 752, 7 636,640, 23 700, 6 320,Doğu Anadolu Bölgesi
Yozgat,2018, 49 273, 2 601,592, 12 786, 5 259,İç Anadolu Bölgesi
Zonguldak,2018, 95 169, 4 504, 1 899, 26 277, 6 221,Karadeniz Bölgesi
Aksaray,2018, 64 272, 1 396, 1 416, 17 424, 6 263,İç Anadolu Bölgesi
Bayburt,2018, 6 629,580,112, 2 845,675,Karadeniz Bölgesi
Karaman,2018, 36 591, 1 855,638, 12 044, 2 503,İç Anadolu Bölgesi
Kırıkkale,2018, 42 634, 1 671,666, 8 495, 2 593,İç Anadolu Bölgesi
Batman,2018, 15 089, 2 771,287, 11 817, 2 681,Güneydoğu Anadolu Bölgesi
Şırnak,2018, 4 409, 1 670,196, 6 038, 11 509,Doğu Anadolu Bölgesi
Bartın,2018, 29 262, 1 532,603, 7 715, 1 588,Karadeniz Bölgesi
Ardahan,2018, 3 904,788,50, 2 901,484,Doğu Anadolu Bölgesi
Iğdır,2018, 6 449, 1 372,301, 5 522, 3 172,Doğu Anadolu Bölgesi
Yalova,2018, 36 101, 2 057, 1 001, 13 279, 2 088,Marmara Bölgesi
Karabük,2018, 41 441, 1 739,639, 9 724, 3 028,Karadeniz Bölgesi
Kilis,2018, 10 833, 1 024,160, 3 841, 1 075,Güneydoğu Anadolu Bölgesi
Osmaniye,2018, 79 073, 3 951, 1 050, 22 880, 3 623,Akdeniz Bölgesi
Düzce,2018, 56 554, 2 580, 1 630, 17 139, 4 642,Karadeniz Bölgesi
Adana,2019, 332 764, 11 268, 4 632, 101 266, 19 591,Akdeniz Bölgesi
Adıyaman,2019, 49 398, 4 644,382, 15 313, 3 459,Güneydoğu Anadolu Bölgesi
Afyonkarahisar,2019, 87 667, 4 886, 1 606, 35 107, 9 652,Ege Bölgesi
Ağrı,2019, 8 985, 2 475,334, 7 190, 2 056,Doğu Anadolu Bölgesi
Amasya,2019, 58 595, 3 037,679, 17 274, 3 508,Karadeniz Bölgesi
Ankara,2019,1 489 336, 25 500, 18 038, 302 732, 81 107,İç Anadolu Bölgesi
Antalya,2019, 520 199, 15 771, 11 106, 188 123, 23 822,Akdeniz Bölgesi
Artvin,2019, 15 851, 2 227,333, 13 644, 3 466,Karadeniz Bölgesi
Aydın,2019, 182 301, 10 564, 2 919, 69 623, 8 945,Ege Bölgesi
Balıkesir,2019, 209 307, 6 419, 3 374, 68 589, 12 487,Marmara Bölgesi
Bilecik,2019, 33 203, 1 097,848, 11 777, 3 162,Marmara Bölgesi
Bingöl,2019, 7 603, 1 287,243, 4 646, 1 148,Doğu Anadolu Bölgesi
Bitlis,2019, 7 717, 1 564,158, 6 057, 1 744,Doğu Anadolu Bölgesi
Bolu,2019, 55 916, 1 559,943, 16 660, 5 963,Karadeniz Bölgesi
Burdur,2019, 53 994, 1 389,875, 15 839, 5 731,Akdeniz Bölgesi
Bursa,2019, 508 805, 15 027, 8 126, 170 626, 28 556,Marmara Bölgesi
Çanakkale,2019, 91 480, 2 660, 1 831, 33 534, 5 951,Marmara Bölgesi
Çankırı,2019, 21 640,743,528, 8 317, 1 897,İç Anadolu Bölgesi
Çorum,2019, 80 530, 2 741, 1 070, 22 100, 5 721,Karadeniz Bölgesi
Denizli,2019, 197 127, 7 136, 3 942, 64 769, 12 026,Ege Bölgesi
Diyarbakır,2019, 49 830, 6 160, 1 401, 22 193, 6 712,Güneydoğu Anadolu Bölgesi
Edirne,2019, 68 968, 1 956, 1 837, 21 771, 4 441,Marmara Bölgesi
Elazığ,2019, 72 020, 3 907,767, 25 258, 5 384,Doğu Anadolu Bölgesi
Erzincan,2019, 28 317, 1 630,481, 11 433, 1 960,Doğu Anadolu Bölgesi
Erzurum,2019, 58 602, 2 767, 1 189, 26 749, 5 809,Doğu Anadolu Bölgesi
Eskişehir,2019, 167 974, 3 794, 2 570, 45 784, 10 569,İç Anadolu Bölgesi
Gaziantep,2019, 232 912, 13 335, 4 239, 91 740, 19 039,Güneydoğu Anadolu Bölgesi
Giresun,2019, 42 113, 7 709,386, 29 122, 4 577,Karadeniz Bölgesi
Gümüşhane,2019, 10 625, 1 063,202, 6 001, 1 471,Karadeniz Bölgesi
Hakkari,2019, 2 101, 1 347,70, 2 304, 1 365,Doğu Anadolu Bölgesi
Hatay,2019, 213 874, 11 634, 3 811, 63 794, 20 070,Akdeniz Bölgesi
Isparta,2019, 81 161, 2 499, 1 448, 25 329, 4 566,Akdeniz Bölgesi
Mersin,2019, 278 524, 9 137, 5 339, 106 950, 32 850,Akdeniz Bölgesi
İstanbul,2019,2 876 156, 97 468, 40 902, 673 015, 133 904,Marmara Bölgesi
İzmir,2019, 781 191, 16 258, 15 229, 234 650, 42 022,Ege Bölgesi
Kars,2019, 11 584, 1 715,376, 7 841, 1 834,Doğu Anadolu Bölgesi
Kastamonu,2019, 61 138, 2 811, 1 054, 17 991, 5 311,Karadeniz Bölgesi
Kayseri,2019, 236 660, 6 387, 5 007, 64 715, 16 711,İç Anadolu Bölgesi
Kırklareli,2019, 60 335, 2 056, 1 528, 16 634, 4 233,Marmara Bölgesi
Kırşehir,2019, 38 280, 1 125,534, 8 754, 2 358,İç Anadolu Bölgesi
Kocaeli,2019, 236 434, 8 686, 6 959, 74 832, 23 024,Marmara Bölgesi
Konya,2019, 349 845, 11 248, 5 697, 123 370, 36 789,İç Anadolu Bölgesi
Kütahya,2019, 105 177, 3 915, 1 854, 27 062, 7 091,Ege Bölgesi
Malatya,2019, 94 084, 4 636, 1 709, 34 816, 5 295,Doğu Anadolu Bölgesi
Manisa,2019, 215 051, 7 226, 7 030, 71 825, 15 458,Ege Bölgesi
K.Maraş,2019, 131 954, 7 176, 2 050, 42 983, 7 433,Akdeniz Bölgesi
Mardin,2019, 22 636, 4 385,692, 18 499, 10 138,Güneydoğu Anadolu Bölgesi
Muğla,2019, 209 602, 9 817, 4 437, 73 967, 9 562,Ege Bölgesi
Muş,2019, 8 720, 1 490,192, 7 529, 1 733,Doğu Anadolu Bölgesi
Nevşehir,2019, 53 332, 3 585,784, 19 566, 6 812,İç Anadolu Bölgesi
Niğde,2019, 46 907, 2 029,920, 18 414, 5 764,İç Anadolu Bölgesi
Ordu,2019, 73 259, 10 862, 1 083, 35 683, 5 806,Karadeniz Bölgesi
Rize,2019, 34 053, 3 464,602, 32 870, 5 868,Karadeniz Bölgesi
Sakarya,2019, 146 632, 5 832, 3 340, 47 722, 10 785,Marmara Bölgesi
Samsun,2019, 174 775, 13 552, 1 519, 68 656, 10 075,Karadeniz Bölgesi
Siirt,2019, 6 842, 1 633,126, 5 327, 1 052,Güneydoğu Anadolu Bölgesi
Sinop,2019, 30 895, 1 991,313, 9 062, 2 032,Karadeniz Bölgesi
Sivas,2019, 83 437, 3 275, 1 305, 26 085, 6 113,İç Anadolu Bölgesi
Tekirdağ,2019, 142 506, 5 204, 5 260, 44 630, 10 655,Marmara Bölgesi
Tokat,2019, 81 310, 4 292, 1 210, 26 393, 4 535,Karadeniz Bölgesi
Trabzon,2019, 107 777, 10 205, 1 540, 58 340, 11 583,Karadeniz Bölgesi
Tunceli,2019, 3 538,610,97, 1 801,446,Doğu Anadolu Bölgesi
Ş.Urfa,2019, 91 258, 9 506, 1 459, 29 417, 14 245,Güneydoğu Anadolu Bölgesi
Uşak,2019, 66 528, 2 286, 1 434, 19 171, 4 092,Ege Bölgesi
Van,2019, 26 783, 7 572,643, 22 948, 6 108,Doğu Anadolu Bölgesi
Yozgat,2019, 48 195, 2 500,578, 12 865, 5 258,İç Anadolu Bölgesi
Zonguldak,2019, 94 977, 4 484, 1 821, 26 011, 6 137,Karadeniz Bölgesi
Aksaray,2019, 65 147, 1 417, 1 373, 17 796, 6 336,İç Anadolu Bölgesi
Bayburt,2019, 6 682,587,117, 2 937,671,Karadeniz Bölgesi
Karaman,2019, 36 138, 1 861,590, 12 231, 2 517,İç Anadolu Bölgesi
Kırıkkale,2019, 40 906, 1 713,607, 8 404, 2 593,İç Anadolu Bölgesi
Batman,2019, 14 700, 2 711,289, 11 517, 2 605,Güneydoğu Anadolu Bölgesi
Şırnak,2019, 4 345, 1 558,187, 5 535, 11 028,Doğu Anadolu Bölgesi
Bartın,2019, 29 235, 1 538,543, 7 690, 1 591,Karadeniz Bölgesi
Ardahan,2019, 3 743,755,51, 2 856,479,Doğu Anadolu Bölgesi
Iğdır,2019, 6 247, 1 404,287, 5 518, 3 187,Doğu Anadolu Bölgesi
Yalova,2019, 35 926, 2 173, 1 008, 13 324, 2 041,Marmara Bölgesi
Karabük,2019, 40 399, 1 704,594, 9 605, 3 004,Karadeniz Bölgesi
Kilis,2019, 11 091, 1 025,164, 3 920, 1 076,Güneydoğu Anadolu Bölgesi
Osmaniye,2019, 80 797, 3 996, 1 029, 23 327, 3 675,Akdeniz Bölgesi
Düzce,2019, 56 403, 2 718, 1 528, 17 201, 4 611,Karadeniz Bölgesi
